2,https://www.airtransat.com/fr-CA/vols-pas-chers-du-canada/vers-angleterre/calgary-londres,Calgary,Londres,932,697
3,https://www.airtransat.com/fr-CA/vols-pas-chers-du-canada/vers-angleterre/calgary-manchester,Calgary,Manchester,1214,884
4,https://www.airtransat.com/fr-CA/vols-pas-chers-du-canada/vers-angleterre/montreal-londres,Montréal,Londres,805,590
5,https://www.airtransat.com/fr-CA/vols-pas-chers-du-canada/vers-angleterre/montreal-manchester,Montréal,Manchester,1001,806
6,https://www.airtransat.com/fr-CA/vols-pas-chers-du-canada/vers-angleterre/quebec-londres,Québec,Londres,951,706
7,https://www.airtransat.com/fr-CA/vols-pas-chers-du-canada/vers-angleterre/toronto-londres,Toronto,Londres,799,574
8,https://www.airtransat.com/fr-CA/vols-pas-chers-du-canada/vers-angleterre/toronto-manchester,Toronto,Manchester,906,686
9,https://www.airtransat.com/fr-CA/vols-pas-chers-du-canada/vers-angleterre/vancouver-londres,Vancouver,Londres,877,652
10,https://www.airtransat.com/fr-CA/vols-pas-chers-du-canada/vers-angleterre/vancouver-manchester,Vancouver,Manchester,1193,734
12,https://www.airtransat.com/fr-CA/vols-pas-chers-du-canada/vers-belgique/calgary-bruxelles,Calgary,Bruxelles,1323,1023
13,https://www.airtransat.com/fr-CA/vols-pas-chers-du-canada/vers-belgique/montreal-bruxelles,Montréal,Bruxelles,926,686
14,https://www.airtransat.com/fr-CA/vols-pas-chers-du-canada/vers-belgique/quebec-bruxelles,Québec,Bruxelles,1092,772
15,https://www.airtransat.com/fr-CA/vols-pas-chers-du-canada/vers-belgique/toronto-bruxelles,Toronto,Bruxelles,920,680
16,https://www.airtransat.com/fr-CA/vols-pas-chers-du-canada/vers-belgique/vancouver-bruxelles,Vancouver,Bruxelles,1358,1018
18,https://www.airtransat.com/fr-CA/vols-pas-chers-du-canada/vers-canada/calgary-montreal,Calgary,Montréal - Vols directs!,424,424
19,https://www.airtransat.com/fr-CA/vols-pas-chers-du-canada/vers-canada,Calgary,Québec,0,0
20,https://www.airtransat.com/fr-CA/fr-CA/vols-pas-chers-du-canada/vers-canada/calgary-toronto,Calgary,Toronto - Vols directs!,544,302
21,https://www.airtransat.com/fr-CA/vols-pas-chers-du-canada/vers-canada/calgary-vancouver,Calgary,Vancouver - Vols directs!,638,500
22,https://www.airtransat.com/fr-CA/vols-pas-chers-du-canada/vers-canada/montreal-calgary,Montréal,Calgary - Vols directs!,459,438
23,https://www.airtransat.com/fr-CA/vols-pas-chers-du-canada/vers-canada/montreal-quebec,Montréal,Québec,259,213
24,https://www.airtransat.com/fr-CA/vols-pas-chers-du-canada/vers-canada/montreal-toronto,Montréal,Toronto,187,164
25,https://www.airtransat.com/fr-CA/vols-pas-chers-du-canada/vers-canada/montreal-vancouver,Montréal,Vancouver,638,500
26,https://www.airtransat.com/fr-CA/vols-pas-chers-du-canada/vers-canada,Québec,Calgary,0,0
27,https://www.airtransat.com/fr-CA/vols-pas-chers-du-canada/vers-canada/quebec-montreal,Québec,Montréal - Vols directs!,259,213
28,https://www.airtransat.com/fr-CA/vols-pas-chers-du-canada/vers-canada,Québec,Vancouver,0,0
29,https://www.airtransat.com/fr-CA/vols-pas-chers-du-canada/vers-canada/toronto-calgary,Toronto,Calgary - Vols directs!,604,322
30,https://www.airtransat.com/fr-CA/vols-pas-chers-du-canada/vers-canada/toronto-montreal,Toronto,Montréal - Vols directs!,185,162
31,https://www.airtransat.com/fr-CA/vols-pas-chers-du-canada/vers-canada/toronto-quebec,Toronto,Québec,0,0
32,https://www.airtransat.com/fr-CA/vols-pas-chers-du-canada/vers-canada/toronto-vancouver,Toronto,Vancouver - Vols directs!,638,500
33,https://www.airtransat.com/fr-CA/vols-pas-chers-du-canada/vers-canada/vancouver-calgary,Vancouver,Calgary - Vols directs!,0,0
34,https://www.airtransat.com/fr-CA/vols-pas-chers-du-canada/vers-canada/vancouver-montreal,Vancouver,Montréal,566,461
35,https://www.airtransat.com/fr-CA/vols-pas-chers-du-canada/vers-canada/vancouver-toronto,Vancouver,Toronto - Vols directs!,436,345
37,https://www.airtransat.com/fr-CA/vols-pas-chers-du-canada/vers-colombie/montreal-carthagene,Montréal,Carthagène,766,556
38,https://www.airtransat.com/fr-CA/vols-pas-chers-du-canada/vers-colombie/montreal-san-andres,Montréal,San Andrés,729,599
39,https://www.airtransat.com/fr-CA/vols-pas-chers-du-canada/vers-colombie/toronto-carthagene,Toronto,Carthagène,1390,530
41,https://www.airtransat.com/fr-CA/vols-pas-chers-du-canada/vers-costa-rica/montreal-liberia,Montréal,Liberia,877,487
42,https://www.airtransat.com/fr-CA/vols-pas-chers-du-canada/vers-costa-rica/montreal-san-jose,Montréal,San José,834,494
43,https://www.airtransat.com/fr-CA/vols-pas-chers-du-canada/vers-costa-rica/toronto-liberia,Toronto,Liberia,791,481
44,https://www.airtransat.com/fr-CA/vols-pas-chers-du-canada/vers-costa-rica/toronto-san-jose,Toronto,San José,658,488
45,https://www.airtransat.com/fr-CA/vols-pas-chers-du-canada/vers-costa-rica/vancouver-liberia,Vancouver,Liberia,899,519
46,https://www.airtransat.com/fr-CA/vols-pas-chers-du-canada/vers-costa-rica/vancouver-san-jose,Vancouver,San José,806,526
48,https://www.airtransat.com/fr-CA/vols-pas-chers-du-canada/vers-croatie/calgary-zagreb,Calgary,Zagreb,1451,1061
49,https://www.airtransat.com/fr-CA/vols-pas-chers-du-canada/vers-croatie/montreal-zagreb,Montréal,Zagreb,1114,924
50,https://www.airtransat.com/fr-CA/vols-pas-chers-du-canada/vers-croatie/toronto-zagreb,Toronto,Zagreb,1009,819
51,https://www.airtransat.com/fr-CA/vols-pas-chers-du-canada/vers-croatie/vancouver-zagreb,Vancouver,Zagreb,1446,1056
53,https://www.airtransat.com/fr-CA/vols-pas-chers-du-canada/vers-cuba/halifax-cayo-coco,Halifax,Cayo Coco,763,493
54,https://www.airtransat.com/fr-CA/vols-pas-chers-du-canada/vers-cuba/halifax-holguin,Halifax,Holguin,663,483
55,https://www.airtransat.com/fr-CA/vols-pas-chers-du-canada/vers-cuba/halifax-santa-clara,Halifax,Santa Clara,703,563
56,https://www.airtransat.com/fr-CA/vols-pas-chers-du-canada/vers-cuba/halifax-varadero,Halifax,Varadero,663,483
57,https://www.airtransat.com/fr-CA/vols-pas-chers-du-canada/vers-cuba/hamilton-cayo-coco,Hamilton,Cayo Coco,729,479
58,https://www.airtransat.com/fr-CA/vols-pas-chers-du-canada/vers-cuba/hamilton-varadero,Hamilton,Varadero,659,479
59,https://www.airtransat.com/fr-CA/vols-pas-chers-du-canada/vers-cuba/moncton-varadero,Moncton,Varadero,759,479
60,https://www.airtransat.com/fr-CA/vols-pas-chers-du-canada/vers-cuba/montreal-cayo-coco,Montréal,Cayo Coco,585,485
61,https://www.airtransat.com/fr-CA/vols-pas-chers-du-canada/vers-cuba/montreal-cayo-largo,Montréal,Cayo Largo,515,485
62,https://www.airtransat.com/fr-CA/vols-pas-chers-du-canada/vers-cuba/montreal-holguin,Montréal,Holguin,575,485
63,https://www.airtransat.com/fr-CA/vols-pas-chers-du-canada/vers-cuba/montreal-la-havane,Montréal,La Havane,585,485
64,https://www.airtransat.com/fr-CA/vols-pas-chers-du-canada/vers-cuba/montreal-santa-clara,Montréal,Santa Clara,565,485
65,https://www.airtransat.com/fr-CA/vols-pas-chers-du-canada/vers-cuba/montreal-varadero,Montréal,Varadero,525,485
66,https://www.airtransat.com/fr-CA/vols-pas-chers-du-canada/vers-cuba/ottawa-cayo-coco,Ottawa,Cayo Coco,556,476
67,https://www.airtransat.com/fr-CA/vols-pas-chers-du-canada/vers-cuba/ottawa-santa-clara,Ottawa,Santa Clara,656,476
68,https://www.airtransat.com/fr-CA/vols-pas-chers-du-canada/vers-cuba/ottawa-varadero,Ottawa,Varadero,576,476
69,https://www.airtransat.com/fr-CA/vols-pas-chers-du-canada/vers-cuba/quebec-holguin,Québec,Holguin,731,521
70,https://www.airtransat.com/fr-CA/vols-pas-chers-du-canada/vers-cuba/quebec-santa-clara,Québec,Santa Clara,731,491
71,https://www.airtransat.com/fr-CA/vols-pas-chers-du-canada/vers-cuba/quebec-varadero,Québec,Varadero,711,491
72,https://www.airtransat.com/fr-CA/vols-pas-chers-du-canada/vers-cuba/quebec-cayo-coco,Québec,Cayo Coco,691,491
73,https://www.airtransat.com/fr-CA/vols-pas-chers-du-canada/vers-cuba/toronto-cayo-coco,Toronto,Cayo Coco,529,479
74,https://www.airtransat.com/fr-CA/vols-pas-chers-du-canada/vers-cuba/toronto-cayo-largo,Toronto,Cayo Largo,699,479
75,https://www.airtransat.com/fr-CA/vols-pas-chers-du-canada/vers-cuba/toronto-holguin,Toronto,Holguin,539,479
76,https://www.airtransat.com/fr-CA/vols-pas-chers-du-canada/vers-cuba/toronto-santa-clara,Toronto,Santa Clara,549,479
77,https://www.airtransat.com/fr-CA/vols-pas-chers-du-canada/vers-cuba/toronto-santiago-de-cuba,Toronto,Santiago de Cuba,619,479
78,https://www.airtransat.com/fr-CA/vols-pas-chers-du-canada/vers-cuba/toronto-varadero,Toronto,Varadero,509,479
79,https://www.airtransat.com/fr-CA/vols-pas-chers-du-canada/vers-cuba/vancouver-cayo-coco,Vancouver,Cayo Coco,0,0
80,https://www.airtransat.com/fr-CA/vols-pas-chers-du-canada/vers-cuba/vancouver-holguin,Vancouver,Holguin,826,586
81,https://www.airtransat.com/fr-CA/vols-pas-chers-du-canada/vers-cuba/vancouver-santa-clara,Vancouver,Santa Clara,746,586
82,https://www.airtransat.com/fr-CA/vols-pas-chers-du-canada/vers-cuba/vancouver-varadero,Vancouver,Varadero,926,586
83,https://www.airtransat.com/fr-CA/vols-pas-chers-du-canada/vers-cuba/winnipeg-varadero,Winnipeg,Varadero,577,477
85,https://www.airtransat.com/fr-CA/vols-pas-chers-du-canada/vers-Danemark/Calgary-Copenhagen,Calgary,Copenhague,0,0
86,https://www.airtransat.com/fr-CA/vols-pas-chers-du-canada/vers-Danemark/montreal-copenhague,Montréal,Copenhague,923,803
87,https://www.airtransat.com/fr-CA/vols-pas-chers-du-canada/vers-Danemark/toronto-copenhague,Toronto,Copenhague,917,607
88,https://www.airtransat.com/fr-CA/vols-pas-chers-du-canada/vers-Danemark/vancouver-copenhague,Vancouver,Copenhague,1295,1095
90,https://www.airtransat.com/fr-CA/vols-pas-chers-du-canada/vers-ecosse/calgary-glasgow,Calgary,Glasgow,1135,805
91,https://www.airtransat.com/fr-CA/vols-pas-chers-du-canada/vers-ecosse/montreal-glasgow,Montréal,Glasgow,1173,758
92,https://www.airtransat.com/fr-CA/vols-pas-chers-du-canada/vers-ecosse/toronto-glasgow,Toronto,Glasgow,823,621
93,https://www.airtransat.com/fr-CA/vols-pas-chers-du-canada/vers-ecosse/vancouver-glasgow,Vancouver,Glasgow,1050,820
95,https://www.airtransat.com/fr-CA/vols-pas-chers-du-canada/vers-espagne/calgary-barcelone,Calgary,Barcelone,1379,1014
96,https://www.airtransat.com/fr-CA/vols-pas-chers-du-canada/vers-espagne/calgary-madrid,Calgary,Madrid,1265,1015
97,https://www.airtransat.com/fr-CA/vols-pas-chers-du-canada/vers-espagne/calgary-malaga,Calgary,Málaga,1228,978
98,https://www.airtransat.com/fr-CA/vols-pas-chers-du-canada/vers-espagne/montreal-barcelone,Montréal,Barcelone,862,672
99,https://www.airtransat.com/fr-CA/vols-pas-chers-du-canada/vers-espagne/montreal-madrid,Montréal,Madrid,983,678
100,https://www.airtransat.com/fr-CA/vols-pas-chers-du-canada/vers-espagne/montreal-malaga,Montréal,Málaga,851,651
101,https://www.airtransat.com/fr-CA/vols-pas-chers-du-canada/vers-espagne/quebec-barcelone,Québec,Barcelone,988,758
102,https://www.airtransat.com/fr-CA/vols-pas-chers-du-canada/vers-espagne/quebec-madrid,Québec,Madrid,994,764
103,https://www.airtransat.com/fr-CA/vols-pas-chers-du-canada/vers-espagne/quebec-malaga,Québec,Málaga,851,651
104,https://www.airtransat.com/fr-CA/vols-pas-chers-du-canada/vers-espagne/toronto-barcelone,Toronto,Barcelone,856,666
105,https://www.airtransat.com/fr-CA/vols-pas-chers-du-canada/vers-espagne/toronto-madrid,Toronto,Madrid,1097,752
106,https://www.airtransat.com/fr-CA/vols-pas-chers-du-canada/vers-espagne/toronto-malaga,Toronto,Málaga,945,705
107,https://www.airtransat.com/fr-CA/vols-pas-chers-du-canada/vers-espagne/vancouver-barcelone,Vancouver,Barcelone,1303,1004
108,https://www.airtransat.com/fr-CA/vols-pas-chers-du-canada/vers-espagne/vancouver-madrid,Vancouver,Madrid,1375,1010
110,https://www.airtransat.com/fr-CA/vols-pas-chers-du-canada/vers-france/calgary-bordeaux,Calgary,Bordeaux,1384,994
111,https://www.airtransat.com/fr-CA/vols-pas-chers-du-canada/vers-france/calgary-lyon,Calgary,Lyon,1285,1005
112,https://www.airtransat.com/fr-CA/vols-pas-chers-du-canada/vers-france/calgary-marseille,Calgary,Marseille,1310,1000
113,https://www.airtransat.com/fr-CA/vols-pas-chers-du-canada/vers-france/calgary-nantes,Calgary,Nantes,1338,998
114,https://www.airtransat.com/fr-CA/vols-pas-chers-du-canada/vers-france/calgary-paris,Calgary,Paris,1051,921
115,https://www.airtransat.com/fr-CA/vols-pas-chers-du-canada/vers-france/calgary-toulouse,Calgary,Toulouse,1210,1000
116,https://www.airtransat.com/fr-CA/vols-pas-chers-du-canada/vers-france/montreal-bordeaux,Montréal,Bordeaux,947,657
117,https://www.airtransat.com/fr-CA/vols-pas-chers-du-canada/vers-france/montreal-lyon,Montréal,Lyon,918,668
118,https://www.airtransat.com/fr-CA/vols-pas-chers-du-canada/vers-france/montreal-marseille,Montréal,Marseille,873,663
119,https://www.airtransat.com/fr-CA/vols-pas-chers-du-canada/vers-france/montreal-nantes,Montréal,Nantes,951,661
120,https://www.airtransat.com/fr-CA/vols-pas-chers-du-canada/vers-france/montreal-nice,Montréal,Nice,847,657
121,https://www.airtransat.com/fr-CA/vols-pas-chers-du-canada/vers-france/montreal-paris,Montréal,Paris,814,674
122,https://www.airtransat.com/fr-CA/vols-pas-chers-du-canada/vers-france/montreal-strasbourg,Montréal,Strasbourg,974,874
123,https://www.airtransat.com/fr-CA/vols-pas-chers-du-canada/vers-france/montreal-toulouse,Montréal,Toulouse,873,663
124,https://www.airtransat.com/fr-CA/vols-pas-chers-du-canada/vers-france/quebec-bordeaux,Quebec,Bordeaux,1073,743
125,https://www.airtransat.com/fr-CA/vols-pas-chers-du-canada/vers-france/quebec-lyon,Québec,Lyon,1024,754
126,https://www.airtransat.com/fr-CA/vols-pas-chers-du-canada/vers-france/quebec-marseille,Québec,Marseille,979,749
127,https://www.airtransat.com/fr-CA/vols-pas-chers-du-canada/vers-france/quebec-nantes,Quebec,Nantes,951,661
128,https://www.airtransat.com/fr-CA/vols-pas-chers-du-canada/vers-france/quebec-nice,Québec,Nice,1013,743
129,https://www.airtransat.com/fr-CA/vols-pas-chers-du-canada/vers-france/quebec-paris,Québec,Paris,850,680
130,https://www.airtransat.com/fr-CA/vols-pas-chers-du-canada/vers-france/quebec-toulouse,Québec,Toulouse,979,749
131,https://www.airtransat.com/fr-CA/vols-pas-chers-du-canada/vers-france/toronto-bordeaux,Toronto,Bordeaux,881,731
132,https://www.airtransat.com/fr-CA/vols-pas-chers-du-canada/vers-france/toronto-lyon,Toronto,Lyon,1012,742
133,https://www.airtransat.com/fr-CA/vols-pas-chers-du-canada/vers-france/toronto-marseille,Toronto,Marseille,967,737
134,https://www.airtransat.com/fr-CA/vols-pas-chers-du-canada/vers-france/toronto-nantes,Toronto,Nantes,951,661
135,https://www.airtransat.com/fr-CA/vols-pas-chers-du-canada/vers-france/toronto-nice,Toronto,Nice,801,751
136,https://www.airtransat.com/fr-CA/vols-pas-chers-du-canada/vers-france/toronto-paris,Toronto,Paris,808,668
137,https://www.airtransat.com/fr-CA/vols-pas-chers-du-canada/vers-france/toronto-toulouse,Toronto,Toulouse,947,737
138,https://www.airtransat.com/fr-CA/vols-pas-chers-du-canada/vers-france/vancouver-lyon,Vancouver,Lyon,1024,754
139,https://www.airtransat.com/fr-CA/vols-pas-chers-du-canada/vers-france/vancouver-marseille,Vancouver,Marseille,1235,995
140,https://www.airtransat.com/fr-CA/vols-pas-chers-du-canada/vers-france/vancouver-nantes,Vancouver,Nantes,1353,993
141,https://www.airtransat.com/fr-CA/vols-pas-chers-du-canada/vers-france/vancouver-nice,Vancouver,Nice,1229,989
142,https://www.airtransat.com/fr-CA/vols-pas-chers-du-canada/vers-france/vancouver-paris,Vancouver,Paris,916,766
143,https://www.airtransat.com/fr-CA/vols-pas-chers-du-canada/vers-france/vancouver-toulouse,Vancouver,Toulouse,1225,995
145,https://www.airtransat.com/fr-CA/vols-pas-chers-du-canada/vers-grece/calgary-athenes,Calgary,Athènes,1516,1276
146,https://www.airtransat.com/fr-CA/vols-pas-chers-du-canada/vers-grece/montreal-athenes,Montréal,Athènes,1039,789
147,https://www.airtransat.com/fr-CA/vols-pas-chers-du-canada/vers-grece/quebec-athenes,Québec,Athènes,1205,975
148,https://www.airtransat.com/fr-CA/vols-pas-chers-du-canada/vers-grece/toronto-athenes,Toronto,Athènes,1073,783
149,https://www.airtransat.com/fr-CA/vols-pas-chers-du-canada/vers-grece/vancouver-athenes,Vancouver,Athènes,1471,1210
151,https://www.airtransat.com/fr-CA/vols-pas-chers-du-canada/vers-guadeloupe/montreal-guadeloupe,Montréal,la Guadeloupe,704,514
153,https://www.airtransat.com/fr-CA/vols-pas-chers-du-canada/vers-haiti/montreal-haiti,Montréal,Haïti,721,581
155,https://www.airtransat.com/fr-CA/vols-pas-chers-du-canada/vers-honduras/montreal-roatan,Montréal,Roatan,740,720
156,https://www.airtransat.com/fr-CA/vols-pas-chers-du-canada/vers-honduras/toronto-roatan,Toronto,Roatan,724,714
158,https://www.airtransat.com/fr-CA/vols-pas-chers-du-canada/vers-irlande/calgary-dublin,Calgary,Dublin,1133,723
159,https://www.airtransat.com/fr-CA/vols-pas-chers-du-canada/vers-irlande/montreal-dublin,Montréal,Dublin,846,606
